ID,namezy,pos,indus,nu,G,starttime,endtime,H,I,loc,require,A,J,linkman,B,tel,C,tel,D,E,F
71963,"wpxh","会计","1100      ","1","","2017-01-05","2017-04-05",0,7,"220100","具体要求：
1、大专以上学历。本地户口，持有会计证；
2、熟悉并能独立处理金融类企业全盘账务，有独立报税经验；
3、能熟练操作金蝶等财务软件；
4、善于沟通、为人中肯、良好的职业道德。
完善的福利待遇： 
1、社会保险：公司按国家和省市有关规定，入职即为员工购买五险和住房公积金；
    2、健康体检：公司每年度为正式员工安排一次免费健康体检；
    3、新婚贺金：公司正式员工在聘用期间新婚，公司将赠送丰厚的婚礼贺金；
    4、生子贺金：公司正式员工在聘用期间符合计划生育的生产，给予生育贺金；
    5、薪酬福利：提供同行业最高薪酬、年终奖等富有竞争力的薪酬水平；
    6、其他福利：生日会、旅游、聚会等丰富多彩的员工娱乐活动；","4","09","人力资源经理","","18565588195","","会计","1"
71964,"hstxy","销售内勤","0200      ","1","","2017-01-05","2017-04-05",0,7,"220100","","4","  ","周总","      ","15304340598","","销售内勤","1"
71965,"jlrc001172","全联超商招聘店员 详见以下各店地址","5102      ","1","超市门店","2017-01-11","2017-04-10",0,1,"220100","早班：7:00-15:00
工资待遇：试用期7元每小时，转正后8元每小时，月休两天，补助：满勤100+餐补200+住房补助300
中班：15:00-23:00
工资待遇：试用期7元每小时，转正后8元每小时，月休两天，补助：满勤100+餐补200+住房补助300
夜班：23:00-7:00
工资待遇：试用期9元每小时，转正后10元每小时，月休两天，补助：满勤100+餐补200+住房补助300","8","07","王总监、衣女士","130000","18844134111、13756501830","154178253@qq.com","全联超商招聘店员 详见以下各店地址","1"
71966,"jlrc001172","生态大街华荣泰小区全联超商招聘店长","5101      ","1","超市门店","2017-01-11","2017-04-10",1,2,"220100","全联超商华融泰店需求店长1名，月休两天 ，试用期3000， 转正3500 ，必须有相关工作经验！","8","08","王总监、衣女士","130000","18844134111、13756501830","154178253@qq.com","生态大街华荣泰小区全联超商招聘店长","1"
71967,"jlrc001172","红旗街万达广场全联超商招聘店员","5102      ","1","超市门店","2017-01-11","2017-04-10",5,7,"220100","早班：7:00-15:00
工资待遇：试用期7元每小时，转正后8元每小时，月休两天，补助：满勤100+餐补200+住房补助300
中班：15:00-23:00
工资待遇：试用期7元每小时，转正后8元每小时，月休两天，补助：满勤100+餐补200+住房补助300
夜班：23:00-7:00
工资待遇：试用期9元每小时，转正后10元每小时，月休两天，补助：满勤100+餐补200+住房补助300","8","07","王总监、衣女士","130000","18844134111、13756501830","154178253@qq.com","红旗街万达广场全联超商招聘店员","1"
71968,"hebxl","助理","2600      ","1","","2017-01-17","2017-03-17",0,7,"220100","","8","  ","人力资源经理","","13199542589","","助理","1"
71969,"jl596647","中层管理","2600      ","1","","2017-02-06","2017-03-30",0,7,"220100","","8","  ","张老师","","81959676 、 85261328","","中层管理","1"
71970,"jlrc001172","核算员","1107      ","1","财务部","2017-02-07","2017-04-10",2,2,"220100","岗位职责：与供应商核对供应商账款以及和门店核对报销日配等相关工作","4","08","王总监、衣女士","130000","18844134111、13756501830","","核算员","1"
71971,"jlrc001172","制单员2名、拣货员12名、二验员4员","1523      ","1","仓储部","2017-02-07","2017-04-10",18,7,"220100","岗位职责：
1、制单员：负责拣货单的出货单和制单工作
2、拣货员：负责拣货品
3、二验员：负责货品二次检验工作。","8","07","王总监、衣女士","130000","18844134111、13756501830","","制单员2名、拣货员12名、二验员4员","1"
71972,"jlrc001172","督导","5199      ","1","营运部","2017-02-07","2017-04-10",8,3,"220100","岗位职责：门店营运辅助，销售分析，常规问题处理，公司政令下达及监督","1","08","王总监、衣女士","130000","18844134111、13756501830","","督导","1"
71973,"jlrc001172","培训人员","5199      ","1","营运部","2017-02-07","2017-04-10",2,3,"220100","岗位职责：门店所有操作培训，公司企业文化培训","1","  ","王总监、衣女士","130000","18844134111、13756501830","","培训人员","1"
71974,"jlrc001172","非食采购","5199      ","1","采购部","2017-02-07","2017-04-10",1,3,"220100","岗位职责：非食品采购","1","08","王总监、衣女士","130000","18844134111、13756501830","","非食采购","1"
71975,"jhqygl","项目经理","1101      ","1","","2017-02-08","2017-03-02",20,7,"220100","男35―60岁，女35―55岁，要求财务、经济、企业管理相关专业，本科及以上学历，有5年以上管理岗位工作经验，具备一定的文字综合能力，深刻了解企、事业单位内部管控，较强的成本管理、风险控制、税务规划、财务分析等能力和经验。
待遇：底薪+高提成+餐补+出差补助+交补=8000-20000元/月，五险、节日福利、公司旅游、年终奖励。","5","12","刘女士","130000","15519910725/13756180311 微信15519910725","","项目经理","1"
71976,"jhqygl","项目助理","1106      ","1","","2017-02-08","2017-03-02",20,7,"220100","男25―60岁，女30―55岁，要求财务、经济、企业管理相关专业，本科及以上学历，有3年以上工作经验，具备一定的文字综合能力，能够独立思考、善于总结、学习力强、熟练应用财务及办公软件，退伍军人、行政事业单位退休人员优先。
待遇：底薪+高提成+餐补+出差补助+交补=5000-10000元/月，五险、节日福利、公司旅游、年终奖励。","5","10","刘女士","130000","15519910725/13756180311 微信15519910725","","项目助理","1"
71977,"jhqygl","营销经理","0202      ","1","","2017-02-08","2017-03-02",20,7,"220100","本科及以上学历，有3年以上销售工作经验，或是有大量人脉，思想品德好，有责任心优先。退转军人及行政事业单位退休人员优先考虑。
待遇：底薪+提成+餐补=5000-15000元/月，五险、节日福利、公司旅游、年终奖励，营销人员专职兼职均可。","5","12","刘女士","130000","15519910725/13756180311 微信15519910725","","营销经理","1"
71978,"jlrc001172","加盟经理1名、加盟专员若干","5199      ","1","加盟部","2017-02-10","2017-04-10",0,3,"220100","岗位职责：进行超市的招商加盟工作","1","01","王总监、衣女士","130000","18844134111、13756501830","","加盟经理1名、加盟专员若干","1"
71979,"jlrc001172","选址经理1名、选址专员若干","5199      ","1","发展选址部","2017-02-10","2017-04-10",0,7,"220100","岗位职责：进行超市的地址选址工作","1","01","王总监、衣女士","130000","18844134111、13756501830","","选址经理1名、选址专员若干","1"
71980,"jlrc001172","工程管理经理1名、工程管理专员若干","5199      ","1","工程管理部","2017-02-10","2017-04-10",0,2,"220100","岗位职责：进行超市内部装修和检验工程等工作","1","01","王总监、衣女士","130000","18844134111、13756501830","","工程管理经理1名、工程管理专员若干","1"
71981,"jlrc001172","人事行政","5199      ","1","人力资源部","2017-02-10","2017-04-10",5,2,"220100","","4","08","王总监、衣女士","130000","18844134111、13756501830","","人事行政","1"
71982,"jxzxgc","装修施工员、设计师","2400      ","1","","2017-02-16","2017-05-16",0,3,"220200","（1）识读一般室内装饰施工图；

（2）按规格和质量进行验收常用室内装饰材料并进行保管知识；

（3）按国家标准或地方标准或行业标准监督一般室内装饰工程施工质量（含隐蔽工程监督）；

（4）一般室内装饰工程的估工估料；

（5）监督和指导施工人员进行现场施工；

（6）编制住宅装饰施工方案","8","  ","人力资源经理","","15840407618","","装修施工员、设计师","1"
71983,"jlrc001178","招生老师","1900      ","1","","2017-02-16","2017-05-30",50,7,"220100","薪资5000-10000&nbsp;
所有工资（底薪+提成+奖金保底2000）上不封顶
员工福利:
1.满一年的有20天年假，
2.家人免费体验,
3.每周 1.5天休息时间，
4 .每年都有公司旅游
5.五险一金","8","  ","初玉梅老师","      ","18186864770","","招生老师","1"
71984,"jlrc001171","数控车操作工及数控车学徒","3704      ","1","生产部","2017-02-20","2017-03-20",5,7,"220100","1、男，学徒，35岁以下，吃苦耐劳的品德；","8","08","王女士","130000","18843114996","1686687378@qq.com","数控车操作工及数控车学徒","1"
71985,"jlrc001179","临床学术代表","4100      ","1","","2017-02-21","2017-03-30",5,7,"220000","1.熟练掌握产品知识
2.学术推广，包括日常拜访和客户分析能力
3.完成目标终端客户的开发和维护
4.收集反馈产品及竞品相关信息
5.制定并实施负责目标医院推广计划，做任务分解，完成销售指标
6.遵守公司规章制度，完成销售管理报告","8","07","人力资源经理","      ","15304410596","","临床学术代表","1"
71986,"xdgt","钳工 电工 焊工 仪表工 天车工 等技术工种","3700      ","1","","2017-02-26","2017-03-25",0,7,"220000","","8","08","房女士","136300","13766088280","","钳工 电工 焊工 仪表工 天车工 等技术工种","1"
71987,"xdgt","男女普工","3710      ","1","","2017-02-26","2017-03-25",0,7,"220000","","8","08","房女士","136300","13766088280","","男女普工","1"
71988,"xdgt","轧钢厂 炼铁厂 等技术工种","3799      ","1","","2017-02-26","2017-03-25",0,7,"220000","","8","09","房女士","136300","13766088280","","轧钢厂 炼铁厂 等技术工种","1"
71989,"xdgt","A1 客车司机","2210      ","1","","2017-02-26","2017-03-25",0,7,"220000","","8","08","房女士","136300","13766088280","","A1 客车司机","1"
71990,"xdgt","A2去河北物流公司","2210      ","1","","2017-02-26","2017-05-25",0,7,"220000","","8","11","房女士","136300","13766088280","","A2去河北物流公司","1"
71991,"xdgt","炼钢 炼铁工程师或技术员","1299      ","1","","2017-02-26","2017-05-25",0,3,"220000","","4","09","房女士","136300","13766088280","","炼钢 炼铁工程师或技术员","1"
71992,"xdgt","文秘","2604      ","1","","2017-02-26","2017-03-25",3,1,"220000","","4","01","房女士","136300","13766088280","","文秘","1"
71993,"xdgt","文秘-助理","2604      ","1","","2017-02-26","2017-03-25",3,1,"220000","","4","01","房女士","136300","13766088280","","文秘-助理","1"
71994,"jlrc001155","全国招商部经理","0202      ","1","招商部","2017-03-01","2017-10-13",10,3,"220100","5000元/月。出差补助180元/天，话补，车票实报实销。","5","12","刘女士","130000","15004309136","","全国招商部经理","1"
71995,"jlrc001155","业务经理","0202      ","1","直营部","2017-03-01","2017-10-13",10,7,"220100","1、年龄：20-45岁。
2、底薪+高额提成+餐补+油补=7000以上/月。
3、不看重学历，注重个人能力，人脉及销售资源。
4、法定假日，培训的机会，晋升空间大，节日福利待遇。弹性工作时间，轻松愉悦的工作氛围。
5、全职兼职均可。","8","10","刘女士","130000","15004309136","","业务经理","1"
71996,"jlrc001155","业务精英","0401      ","1","餐饮部、商超部","2017-03-01","2017-10-13",10,7,"220100","1、年龄：20-45岁，条件优越者可适当放宽。
2、口齿伶俐，性格开朗，热爱销售工作，能力突出，有相关渠道及资源。
3、底薪+提成+话补+油补=4000元以上/月，每年基本工资上浮5%
4、法定假日，公司提供广阔的资源与晋升机会，有年度旅游，节日福利待遇等，工作氛围轻松，人文关怀浓重。","1","09","刘女士","130000","15004309136","","业务精英","1"
71997,"jlrc001155","平面设计","1604      ","1","电子商务","2017-03-01","2017-10-13",1,7,"220100","1、协助项目进行产品界面设计；
2、对公司网站界面进行设计修改，协助进行网站更新及维护工作；
3、协助各业务部门制作PPT、产品演示版本等。
4、协助设计主管进行平面、动画制作类的相关标准制定以及流程的制定及创新工作。
5、负责产品包装、广告宣传等的美术设计制作等；
6、其他相关美术设计方面的工作。","8","08","刘女士","130000","15004309136","","平面设计","1"
71998,"jlrc001155","办公室文员","2604      ","1","办公室","2017-03-01","2017-10-13",1,7,"220100","负责办公室行政相关工作，车辆管理、会议记录、文件打印、来宾接待等。","8","  ","刘女士","130000","15004309136","","办公室文员","1"
71999,"jlrc001155","人力资源专员","1304      ","1","","2017-03-01","2017-10-13",1,7,"220100","负责公司人力资源相关文职工作，招聘、培训、考勤整理等，及领导交代的其他工作。","8","07","刘女士","130000","15004309136","","人力资源专员","1"
72000,"xdgt","钳工  焊工 仪表工 天车工 等技术工种","3700      ","1","","2017-03-02","2017-03-25",0,7,"220700","","8","08","房女士","136300","13766088280","","钳工  焊工 仪表工 天车工 等技术工种","1"
72001,"xdgt","男女普工 男女保安","3710      ","1","","2017-03-02","2017-05-25",0,7,"220700","","8","07","房女士","136300","13766088280","","男女普工 男女保安","1"
72002,"xdgt","轧钢厂 炼铁厂炼钢厂 等技术工种","3799      ","1","","2017-03-02","2017-05-25",0,7,"220700","","8","  ","房女士","136300","13766088280","","轧钢厂 炼铁厂炼钢厂 等技术工种","1"
72003,"xdgt","文秘助理","2604      ","1","","2017-03-02","2017-05-25",3,7,"220700","","8","  ","房女士","136300","13766088280","","文秘助理","1"
72004,"jxlx","招聘话务员、信息采编员","2100      ","1","","2017-03-02","2017-06-02",0,7,"220100","","8","  ","张经理","      ","13265931666","","招聘话务员、信息采编员","1"
72005,"scrl","西餐厅服务员、客房服务生、酒吧服务生、前台、幼儿看护、摄影师","4800      ","1","","2017-03-02","2017-06-02",0,7,"220100","","5","  ","董经理","      ","13504391004","","西餐厅服务员、客房服务生、酒吧服务生、前台、幼儿看护、摄影师","1"
72006,"myss","部门文秘","4600      ","1","","2017-03-02","2017-06-02",0,7,"220100","","8","  ","魏经理","      ","18004478115","","部门文秘","1"
72007,"zbctgj","课程顾问","2700      ","1","","2017-03-02","2017-06-02",0,7,"220100","","4","  ","赵老师","      ","13252893152","","课程顾问","1"
72008,"ljjk","无创健康检测及评估","2000      ","1","","2017-03-02","2017-06-02",0,7,"220100","","8","  ","王莹","      ","0431-81699610","","无创健康检测及评估","1"
72009,"jlrc001182","厨师长","4806      ","1","运营部","2017-03-03","2018-02-24",10,5,"350200","您将从事： 
协助餐厅店长进行餐厅后厨经营和管理工作 
建设并带领餐厅后厨训练团队 
辅导后厨工作的开展，及后厨团队的管理；
您需具备： 
- 厨师长2年以上同等岗位工作经理，熟悉中餐菜肴制作，有东北菜系经验、私房菜经验优先考虑；有一定后厨管理经验；
-具有集体团队精神，勇于付出，能承受相应工作压力

工作地点，福建省厦门","8","10","魏小姐","361000","15359333753","wlr@wdkjhr.net","厨师长","1"
72010,"jyjx","电气工程师","1200      ","1","","2017-03-03","2017-06-03",0,7,"220100","","5","  ","人力资源经理","      ","0431-80860715","","电气工程师","1"
72011,"sych","海乘（女）","4900      ","1","","2017-03-03","2017-05-03",2,7,"220100","","4","  ","韩经理","      ","17743114345","","海乘（女）","1"
72012,"sych","北京链家房地产经纪公司","4600      ","1","","2017-03-03","2017-05-03",0,7,"220100","","5","  ","韩经理","      ","17743114345","","北京链家房地产经纪公司","1"
72013,"ycsz","车身设计工程师（20名）","1200      ","1","","2017-03-03","2017-06-03",0,7,"220100","","4","  ","人力资源经理","      ","0431-87018808","","车身设计工程师（20名）","1"
72014,"wkgt","仓库保管员","1500      ","1","","2017-03-03","2017-06-03",2,7,"220100","","5","  ","人力资源经理","      ","15904428045","","仓库保管员","1"
72015,"xlsm","企划助理","1600      ","1","","2017-03-03","2017-06-03",0,7,"220100","","4","  ","人力资源经理","      ","0431-85082988","","企划助理","1"
72016,"zhspfj","招聘生产内勤","3000      ","1","","2017-03-06","2017-06-06",0,7,"220400","","8","  ","王经理","","0434-3353980/3599059","","招聘生产内勤","1"
72017,"zhspfj","招聘行政助理","2600      ","1","","2017-03-06","2017-06-06",2,7,"220400","","5","  ","王经理","","0434-3353980/3599059","","招聘行政助理","1"
72018,"zhspfj","成本会计","1100      ","1","","2017-03-06","2017-06-06",0,7,"220400","","5","  ","王经理","","0434-3353980/3599059","","成本会计","1"
72019,"zhspfj","招聘销售员","0200      ","1","","2017-03-06","2017-06-06",0,7,"220400","","5","  ","王经理","","0434-3353980/3599059","","招聘销售员","1"
72020,"djstz","销售","0200      ","1","","2017-03-06","2017-06-06",0,7,"220100","","8","  ","崔经理","      ","13174449806","","销售","1"
72021,"hsjs","吉林华商建设集团","2400      ","1","","2017-03-07","2017-06-07",0,7,"220100","","4","  ","人力资源经理","      ","0431-89906677","","吉林华商建设集团","1"
72022,"wkjx","出纳员","1100      ","1","","2017-03-07","2017-06-07",0,7,"220100","","5","  ","王先生","      ","13080033366","","出纳员","1"
72023,"bzwhcm","商务代表","1100      ","1","","2017-03-07","2017-06-07",0,7,"220100","","4","  ","人力资源经理","      ","18043123551","","商务代表","1"
72024,"jlrc001184","机械工程师","2099      ","1","4","2017-03-08","2017-04-30",0,7,"220100","负责机械设备完善和研发的机械结构设计；","8","  ","人力资源经理","      ","18584398910","","机械工程师","1"
72025,"jlrc001184","生产工程师","0199      ","1","","2017-03-08","2017-04-30",4,7,"220100","负责机械设备生产过程中的相关工作","8","  ","人力资源经理","      ","18584398910","","生产工程师","1"
72026,"jlrc001184","数控雕刻机技师","0899      ","1","","2017-03-08","2017-04-30",4,7,"220100","负责机械设备数控雕刻方面工作","8","  ","人力资源经理","      ","18584398910","","数控雕刻机技师","1"
72027,"jlrc001185","库管员兼计划员","2999      ","1","","2017-03-08","2017-04-30",0,3,"220100","1、执行物资管理中与仓库有关的SOP，确保仓库作业顺利进行；
2、负责仓库日常物资的验收、入库、码放、保管、盘点、对账等工作；
3、负责仓库日常物资的拣选、复核、装车及发运工作；
4、负责保持仓内货品和环境的清洁、整齐和卫生工作；
5、负责相关单证的保管与存档；
6、仓库数据的统计、存档、帐务和系统数据的输入；
7、部门主管交办的其它事宜。","5","08","人力资源经理","      ","","","库管员兼计划员","1"
72028,"jlrc001185","销售总监","3099      ","1","","2017-03-08","2017-04-30",0,3,"220100","?	1、协助总经理制定公司的发展战略，销售战略，制定并组织实施完整的销售计划，领导团队将计划转变为销售结果；
2、开拓汽车内饰件加工行业业务，与客户、同行业间建立良好的合作关系；
3、制定全年销售费用预算，引导和控制市场销售工作的方向和进度；
4、分解销售任务指标，制定责任、费用评价办法，制定、调整销售运营政策；
5、建立行业客户数据库，了解不同规模用户的现状与可能需求；
6、组织部门开发多种销售手段，完成销售计划及回款任务；
7、销售团队建设，帮助建立、补充、发展、培养销售队伍
8、主持公司重大营销合同的谈判与签订工作；
9、进行客户分析，挖掘用户需求，开发新的客户和新的市场领域。 、聚会等丰富多彩的员工娱乐活动；                                                                                                                                                                                                                                                                                                                                                                                                                                                                                                                                                                                                                                                                                                                                                                                                                                                                                                                                                                                                                                                                                                                                                                                                                                                                                                                                                                                                                                                                                                                                                                                                                                                                                                                                                                                                                                                                                                                                                                                                                                                                                                                                                                                                                                                                                                                                                                                                                                                                                                                                                                                                                                                                                                                                                                                                                                                                                                                                                                                                                                                                                                                                                                                                                                                                                                                                                                                                                                                                                                                                                                                                                                                                                                                                                                                                                                                                                                                                                                                                                                                                                                                                                                                                                                                                                                                                                                                                                                                                                                                                                                                                                                                                                                                                                                                                                                                                                                                                                                                                                                                                                                                                                                                                                                                                                                                                                                                                                                                                                                                                                                                                                                                                                                                                                                                                                                                                                                                                                                                                                                                                                                                                                                                                                                                                                                                                                                                                                                                                                                                                                                                                                                                                                                                                                                                                                                                                                                                                                                                                                                                                                                                                                                                                                                                                                                                                                                                                                                                                                                                                                                                                                                                                                                    ","5","11","人力资源经理","      ","","","销售总监","1"
72029,"qyslgc","技术员","1200      ","1","","2017-03-09","2017-06-09",3,7,"220100","","8","  ","徐经理","      ","0431-85394666","","技术员","1"
72030,"qyslgc","资料员","2600      ","1","","2017-03-09","2017-06-09",3,7,"220100","","5","  ","徐经理","      ","0431-85394666","","资料员","1"
72031,"zafh","消防话务内勤","2600      ","1","","2017-03-09","2017-06-09",0,7,"220100","","4","  ","人力资源经理","      ","0431-88761609","","消防话务内勤","1"
72032,"zafh","培训讲师","2100      ","1","","2017-03-09","2017-06-09",0,7,"220100","","4","  ","人力资源经理","      ","0431-88761609","","培训讲师","1"
72033,"jl614028","美术设计师","1600      ","1","","2017-03-09","2017-06-09",0,7,"220100","","8","  ","周先生","","0431-88787736","","美术设计师","1"
72034,"jl614028","行政助理","2600      ","1","","2017-03-09","2017-06-09",0,7,"220100","","8","  ","周先生","","0431-88787736","","行政助理","1"
72035,"rdgczj","土建预算员/造价员","2400      ","1","","2017-03-09","2017-06-09",0,7,"220100","","5","  ","人力资源经理","      ","18104311806","","土建预算员/造价员","1"
72036,"ynjyts","市场维护","0300      ","1","","2017-03-09","2017-06-09",0,7,"220100","","5","  ","皮助理","      ","17678377978","","市场维护","1"
72037,"xfxx","后勤主管","2600      ","1","","2017-03-09","2017-06-09",0,7,"220100","","5","  ","孟女士","      ","13341435887","","后勤主管","1"
72038,"knjr","文秘","2600      ","1","","2017-03-10","2017-06-10",0,7,"220100","","4","  ","人力资源经理","      ","89568765","","文秘","1"
72039,"rmfz","采编","4300      ","1","","2017-03-10","2017-06-10",0,7,"220100","","4","  ","人力资源经理","      ","0431-89622112","","采编","1"
72040,"qlkd","业务员","0400      ","1","","2017-03-10","2017-06-10",0,7,"220100","","4","  ","人力资源经理","      ","13341517988","","业务员","1"
72041,"xdgt","保安","5201      ","1","","2017-03-11","2017-03-25",0,7,"220700","","0","07","房女士","136300","13766088280","","保安","1"
72042,"xdgt","男 女 普工","3710      ","1","","2017-03-11","2017-03-25",0,7,"220700","","8","07","房女士","136300","13766088280","","男 女 普工","1"
72043,"rhlq","财务","1100      ","1","","2017-03-13","2017-04-13",0,7,"220100","","5","  ","人力资源经理","      ","18543113279","","财务","1"
72044,"jbxfgc","出纳兼文员","1100      ","1","","2017-03-13","2017-06-13",0,7,"220100","","8","  ","人力资源经理","      ","13514401228 85359119","","出纳兼文员","1"
72045,"lyrt","客户经理","0300      ","1","","2017-03-13","2017-06-13",0,7,"220100","","5","  ","人力资源经理","      ","89395776","","客户经理","1"
72046,"hxdwkj","生物免疫体外诊断试剂研发人员","2000      ","1","","2017-03-13","2017-06-13",0,7,"220100","","5","  ","高先生","      ","13844040260","","生物免疫体外诊断试剂研发人员","1"
72047,"ehxxjs","网络工程师","0600      ","1","","2017-03-13","2017-05-04",0,7,"220100","","8","  ","人力资源经理","      ","18643108008","","网络工程师","1"
72048,"xdgt","炼铁厂","3710      ","1","","2017-03-13","2017-03-25",0,7,"220700","","8","07","房女士","136300","13766088280","","炼铁厂","1"
72049,"jszhyy","医药营销专员","0200      ","1","","2017-03-13","2017-06-13",0,7,"220100","","8","  ","人力资源经理","      ","18626648090","","医药营销专员","1"
72050,"xtzjy","销售人员","0400      ","1","","2017-03-13","2017-06-13",0,7,"220100","","8","  ","人力资源经理","      ","18686980088","","销售人员","1"
72051,"thgg","企化专员","4300      ","1","","2017-03-13","2017-06-13",0,7,"220100","","4","  ","人力资源经理","      ","17743137389","","企化专员","1"
72052,"jlrc001189","业务员","0400      ","1","","2017-03-14","2017-05-14",0,7,"220100","一年以上销售工作　经验，吃苦耐劳，善于沟通，善于跑动，专科以上学历，23－40岁之间，免费培训上岗。工资待遇：底薪+绩效+补助+奖金，年薪4－8万。","8","  ","人力资源经理","      ","13624404499","","业务员","1"
72053,"jlrc001190","招生经理","0400      ","1","","2017-03-14","2017-05-14",10,7,"220100","月薪5000-10000元，有社会招生经验，管理招生业务员在大学校园和社会招收学员。","8","  ","人力资源经理","      ","0431-81672188；18686652755","","招生经理","1"
72054,"jlrc001190","营养师及学员","2014      ","1","","2017-03-14","2017-05-14",30,7,"220100","月薪5000-20000元，具备营养学知识，由国家人社部颁发的营养师资格证书，有独立从事营养配餐、膳食管理及营养健康指导相关工作经验。","8","  ","人力资源经理","      ","0431-81672188；18686652755","","营养师及学员","1"
72055,"jlrc001190","健康管理师及学员","2000      ","1","","2017-03-14","2017-05-14",30,7,"220100","月薪5000-20000元，具备健康管理知识，由国家人社部颁发的健康管理资格证书，有独立从事医院、药店、社区、保险等行业健康服务管理工作经验。","4","  ","人力资源经理","      ","0431-81672188；18686652755","","健康管理师及学员","1"
72056,"jlrc001190","中医催乳师及学员","2000      ","1","","2017-03-14","2017-05-14",20,7,"220100","8000-10000元，女性，具备医学催乳、通乳、断乳、乳房保健等知识，由 国家中医药管理局颁发的中医催乳师资格证书。","4","  ","人力资源经理","      ","0431-81672188；18686652755","","中医催乳师及学员","1"
72057,"jlrc001190","中医母婴保健师及学员","2000      ","1","","2017-03-14","2017-05-14",50,7,"220100","月薪5000-8000元，女性，具备产妇及婴幼儿日常生活护理、营养与疾病预防等知识，有国家人社部颁发的育婴师资格证书。","8","  ","人力资源经理","      ","0431-81672188；18686652755","","中医母婴保健师及学员","1"
72058,"jlrc001190","中医康复理疗师及学员","2000      ","1","","2017-03-14","2017-05-14",50,7,"220100","月薪8000-16000元， 中医康复理疗师应系统掌握中医基础理论、正常人体解剖学、中医诊断学基础理论、经络腧穴、中医康复基础知识等课程内容。","8","  ","人力资源经理","      ","0431-81672188；18686652755","","中医康复理疗师及学员","1"
72059,"jlrc001190","中医小儿推拿师及学员","2000      ","1","","2017-03-14","2017-05-14",30,7,"220100","月薪8000-10000元，小儿推拿师是指能够提供小儿日常疾病防治服务的中医类专业技术人才，熟练运用小儿推拿手法调理小儿常见疾病。","8","  ","人力资源经理","      ","0431-81672188；18686652755","","中医小儿推拿师及学员","1"
72060,"jlrc001190","健康产业创业人员","2000      ","1","","2017-03-14","2017-05-14",0,7,"220100","招收志于健康产业创业人员，参加营养师、健康管理师、中医催乳师 、中医母婴保健师、中医康复理疗师、中医小儿推拿师等学习，结业发全国通用国家资格证书，负责推荐高薪工作，保证就业，帮助创业学员申请就业基金及免息贷款，并给与全程技术支持和经营指导，助力实现人生梦想。","4","  ","人力资源经理","      ","0431-81672188；18686652755","","健康产业创业人员","1"
72061,"jlrc001191","计划员","2400      ","1","","2017-03-14","2017-05-14",5,7,"220100","工作认真，积极主动，能吃苦耐劳，行动力、责任心强，具有高度的敬业精神和团队合作精神，擅于应用word、Excel等各种办公软件及CAD。以上职位一经录用，工作满一年缴纳五险，除基本工资外工地补助+工龄。
如果你有梦想，有能力，敢想，敢做，欢迎加入我们的团队，与企业共同发展！","4","09","李伟","      ","18943688892","","计划员","1"
72062,"jlrc001191","资料员","2400      ","1","","2017-03-14","2017-05-14",5,7,"220100","工作认真，积极主动，能吃苦耐劳，行动力、责任心强，具有高度的敬业精神和团队合作精神，擅于应用word、Excel等各种办公软件及CAD。以上职位一经录用，工作满一年缴纳五险，除基本工资外工地补助+工龄。
如果你有梦想，有能力，敢想，敢做，欢迎加入我们的团队，与企业共同发展！","4","08","李伟","      ","18943688892","","资料员","1"
72063,"jlrc001191","施工员","2400      ","1","","2017-03-14","2017-05-14",5,7,"220100","工作认真，积极主动，能吃苦耐劳，行动力、责任心强，具有高度的敬业精神和团队合作精神，擅于应用word、Excel等各种办公软件及CAD。以上职位一经录用，工作满一年缴纳五险，除基本工资外工地补助+工龄。如果你有梦想，有能力，敢想，敢做，欢迎加入我们的团队，与企业共同发展！","4","  ","李伟","      ","18943688892","","施工员","1"
72064,"jlrc001193","采编","4500      ","1","","2017-03-14","2017-05-14",0,7,"220100","本科以上学历（新闻专业优先）。善于沟通、协调，能熟练操作电脑， 负责网站供稿单位与新闻素材的日常维护，保持与供稿单位的良好沟通，负责新闻素材的催稿、更新、推荐、上架等常规事务。工作时间8：30-17:00，每周双休，法定假日带薪休息。","4","07","李佰洋","      ","0431-89622112  15943071616","","采编","1"
72065,"jlrc001194","业务员","0400      ","1","","2017-03-14","2017-05-14",0,7,"220200","（1）对外业务拓展和商务洽谈
（2）对外业务跟踪服务和监督管理","4","  ","人力资源经理","","13341517988","","业务员","1"
72066,"jlrc001196","工程部经理","2402      ","1","","2017-03-14","2017-05-14",0,10,"220100","10年以上房地产行业项目管理、现场施工管理工作经验；熟悉大型房地产运营管理各项流程；熟悉工程管理、项目管理、房地产管理相关知识；中级专业技术职务或中级工程师、二级建造师以上相关任职资格。","5","  ","人力资源经理","","13944065646、13578698822","","工程部经理","1"
72067,"jlrc001196","工程部土建工程师","2402      ","1","","2017-03-14","2017-05-14",0,5,"220100","五年以上房地产企业、土建施工管理工作经验；掌握房地产开发项目运作流程；掌握房地产开发业务中的土建专业知识；了解建筑技术现状及发展趋势；工程师中级职称及以上。","4","  ","人力资源经理","","13944065646、13578698822","","工程部土建工程师","1"
72068,"jlrc001196","工程部电气（强弱电）工程师","1200      ","1","","2017-03-14","2017-05-14",0,5,"220100","五年以上房地产行业电气设计及电气施工管理工程经验；掌握房地产开发项目运作流程；掌握房地产开发业务中的电气专业知识；了解电气技术现状及发展趋势；工程师中级职称及以上。","4","  ","人力资源经理","","13944065646、13578698822","","工程部电气（强弱电）工程师","1"
72069,"jlrc001196","工程部暖通工程师","1200      ","1","","2017-03-14","2017-05-14",0,5,"220100","五年以上房地产行业暖通设计及项目施工管理工作经验 ；掌握房地产开发项目运作流程；掌握房地产开发业务中的暖通专业知识；了解暖通技术现状及发展趋势；暖通工程师中级职称及以上。","4","  ","人力资源经理","","13944065646、13578698822","","工程部暖通工程师","1"
72070,"jlrc001196","工程部资料员","1200      ","1","","2017-03-14","2017-05-14",0,2,"220100","2年以上项目开发管理及施工内业管理工作经验；熟悉建筑类图纸绘制、识图方法；熟悉档案管理方式、流程及施工资料；资质或职称：助理工程师职业资格及以上。","4","  ","人力资源经理","","13944065646、13578698822","","工程部资料员","1"
72071,"jlrc001196","平面设计师","1200      ","1","","2017-03-14","2017-05-14",0,3,"220100","具有较高的艺术修养和品位，美术功底深厚，能准确完整的表达自己的思路;对视觉有较敏锐的鉴赏力，对营销策略有较强的理解能力;工作认真细心，能配合出差，责任感强，能承受一定工作压力。","8","  ","人力资源经理","","13944065646、13578698822","","平面设计师","1"
72072,"jlrc001196","策划助理","1200      ","1","","2017-03-14","2017-05-14",0,3,"220100",";具有较高的艺术修养和品位，美术功底深厚，能准确完整的表达自己的思路;对视觉有较敏锐的鉴赏力，对营销策略有较强的理解能力;工作认真细心，能配合出差，责任感强，能承受一定工作压力。工作地点:双阳/长春（需阶段性驻场）","8","  ","人力资源经理","","13944065646、13578698822","","策划助理","1"
72073,"jlrc001196","置业顾问","4606      ","1","","2017-03-14","2017-05-14",0,7,"220100","有较强的语言表达能力和沟通能力，形象好，气质佳，具有较强的团队合作意识，并有房地产行业中高端住宅项目经验,有联代经验者优先考虑。","3","  ","人力资源经理","","13944065646、13578698822","","置业顾问","1"
72074,"jlrc001196","水吧接待员","4800      ","1","","2017-03-14","2017-05-14",0,7,"220100","身体健康、品貌端正，具有较强的亲和力；物业管理专业中专以上或同等学历，或受过物业管理的专业培训；具有良好的服务意识，良好责任心，善于沟通。","8","  ","人力资源经理","","13944065646、13578698822","","水吧接待员","1"
72075,"jlrc001196","销售助理","0401      ","1","","2017-03-14","2017-05-14",0,7,"220100","身体健康、品貌端正，具有较强的亲和力；物业管理专业中专以上或同等学历，或受过物业管理的专业培训；具有良好的服务意识，良好责任心，善于沟通。","8","  ","人力资源经理","","13944065646、13578698822","","销售助理","1"
72076,"jlrc001196","外联专员","2600      ","1","","2017-03-14","2017-05-14",0,7,"220100","女，20岁以上，25岁以下，身高1.65米以上；身体健康、品貌端正，具有较强的亲和力；物业管理专业中专以上或同等学历，或受过物业管理的专业培训；具有良好的服务意识，良好责任心，善于沟通。","8","  ","人力资源经理","","13944065646、13578698822","","外联专员","1"
72077,"jlrc001200","市场销售","0400      ","1","","2017-03-14","2017-05-14",0,7,"220100","1.男1.75米，女1.65米。形象气质佳，待人接物有礼貌，团队合作意识强。
2.中专以上学历，专业不限。
3.一年以上销售工作经验，曾从事过影院服务、星级酒店或大型连锁餐饮企业工作者优先。
4.诚信、有责任心，工作积极、热情大方，有良好的语言表达能力和沟通能力，有
较强的适应能力和学习能力。
5.普通话标准，作五歇二。","4","  ","人力资源经理","      ","15304417389 (微信同步）","","市场销售","1"
72078,"jlrc001200","全兼职服务员","4803      ","1","","2017-03-14","2017-05-14",0,7,"220100","1.男1.75米，女1.65米。形象气质佳，待人接物有礼貌，团队合作意识强。
2.中专以上学历，专业不限。
3.一年以上服务行业工作经验，曾从事过影院服务、星级酒店或大型连锁餐饮企业工作者优先。
4.诚信、有责任心，工作积极、热情大方，有良好的语言表达能力和沟通能力，有较强的适应能力和学习能力。
5.普通话标准，作六歇一，能适应倒班制度。","3","  ","人力资源经理","      ","15304417389 (微信同步）","","全兼职服务员","1"
72079,"jlrc001201","实习生","0100      ","1","","2017-03-14","2017-05-14",0,7,"220100","计算机相关专业优先，双休，五险一金。","8","  ","人力资源经理","      ","18704465015","","实习生","1"
72080,"jlrc001201","项目助理","1326      ","1","","2017-03-14","2017-05-14",0,7,"220100","辅助公司技术人员录入文档，辅助做项目。","8","  ","人力资源经理","      ","18704465015","","项目助理","1"
72081,"jlrc001201","办公室岗","0100      ","1","","2017-03-14","2017-05-14",0,7,"220100","28周岁以下，通过电脑进行操作，双休，五险一金。","8","  ","人力资源经理","      ","18704465015","","办公室岗","1"
72082,"jlrc001201","市场拓展专员","0400      ","1","","2017-03-14","2017-05-14",2,7,"220100","底薪3000+，五险一金","8","07","人力资源经理","      ","18704465015","","市场拓展专员","1"
72083,"jlrc001202","销售专员","0300      ","1","","2017-03-14","2017-05-14",5,7,"220100","从事瓷砖和理石背胶销售及相关防水材料销售工作，有吃苦耐劳精神","8","07","人力资源经理","      ","13894822798 18310443405","","销售专员","1"
72084,"jlrc001202","客服","0403      ","1","","2017-03-14","2017-05-14",1,7,"220100","2500+绩效工资。","8","07","人力资源经理","      ","13894822798 18310443405","","客服","1"
72085,"jlrc001202","人力资源主管","1303      ","1","","2017-03-14","2017-05-14",1,7,"220100","懂管理，有相关工作经验，3000+绩效工资。","8","08","人力资源经理","      ","13894822798 18310443405","","人力资源主管","1"
72086,"jlrc001202","销售总监","0301      ","1","","2017-03-14","2017-05-14",1,3,"220100","三年以上带队销售经验，薪资面议。","8","  ","人力资源经理","      ","13894822798 18310443405","","销售总监","1"
72087,"jlrc001203","销售经理","0400      ","1","","2017-03-14","2017-05-14",0,7,"220100","专业不限，有无经验均可，有润滑油从业经验者优先，底薪+提成","8","  ","人力资源经理","      ","18345537999","","销售经理","1"
72088,"jlrc001204","美容师","2020      ","1","","2017-03-14","2017-05-14",0,7,"220100","一年左右相关工作经验 底薪2000-3000+提成","8","07","人力资源经理","      ","13843040158","","美容师","1"
72089,"jlrc001208","销售精英","0300      ","1","","2017-03-14","2017-05-14",0,3,"220100","20-45岁，男女不限，大专以上学历，具备良好的沟通能力，较强的责任心和创业意识；三年以上本职位工作经验 ，工商或市场营销专业；有良好广泛的社会关系和人脉资源优先，优秀应届毕业生也可择优录用","4","08","人力资源经理","      ","0431-81688288","","销售精英","1"
72090,"jlrc001208","营销讲师","2014      ","1","","2017-03-14","2017-05-14",0,2,"220100","23-40岁，男女不限，大专以上学历，有二年以上营销类讲师工作经验，思维敏捷，语言表达能力强，有亲和能力 ，形象气质俱佳，能承受一定工作压力，具备良好的团队意识；有会议营销经验者优先；","4","07","人力资源经理","      ","0431-81688288","","营销讲师","1"
72091,"jlrc001211","财务会计","1100      ","1","","2017-03-14","2017-05-14",1,7,"220100","熟练掌握财务知识，财务报表，成本核算，库存盘点等开发票申报发票。女性优先，24-35岁， 两年以上工作经验。","8","  ","人力资源经理","      ","18743069955","","财务会计","1"
72092,"jlrc001211","内勤兼总经理助理","1300      ","1","","2017-03-14","2017-05-14",1,7,"220100","完成销售人员每天的销 售单据规整，与财务人员做好衔接工作。辅助总经理完成一些文件，会议内容，接听电话。","8","  ","人力资源经理","      ","18743069955","","内勤兼总经理助理","1"
72093,"jlrc001211","业务员","0400      ","1","","2017-03-14","2017-05-14",5,7,"220100","应届毕业生和有钢铁销售经验者优先，前期每个月可以出差（东北三省）一周左右。","8","  ","人力资源经理","      ","18743069955","","业务员","1"
72094,"jlrc001212","绘图设计员","1699      ","1","","2017-03-14","2017-05-14",0,7,"220100","机械设计专业。对CAD 二维操作熟练 善于沟通 敬业吃苦耐劳精神","8","  ","程经理","      ","18686440885","","绘图设计员","1"
72095,"jlrc001213","业务员","0400      ","1","","2017-03-14","2017-05-14",0,7,"220100","大专以上学历。善于管理、组织、沟通、协调、具有敬业吃苦耐劳的精

神。","4","  ","人力资源经理","      ","13756079867","","业务员","1"
72096,"jlrc001213","业务主管","0203      ","1","","2017-03-14","2017-05-14",0,3,"220100","有3年以上销售经验。具备良好的沟通能力，较强的责任心和服务意识。市场营销专业，或有营销经验者优先录取","8","  ","人力资源经理","      ","13756079867","","业务主管","1"
72097,"jlrc001213","销售实习生","0400      ","1","","2017-03-14","2017-05-14",0,7,"220100","开拓能力强，能承受工作压力，上进心强，敢于挑战高薪，具备良好的团队意识。","8","  ","人力资源经理","      ","13756079867","","销售实习生","1"
72098,"jlrc001213","平面设计师","1604      ","1","","2017-03-14","2017-05-14",0,7,"220100","","8","  ","人力资源经理","      ","13756079867","","平面设计师","1"
72099,"jlrc001213","客服接待","1604      ","1","","2017-03-14","2017-05-14",0,7,"220100","薪资待遇：3000-4000元","8","  ","人力资源经理","      ","13756079867","","客服接待","1"
72100,"jlrc001214","热线员","2708      ","1","","2017-03-14","2017-05-14",0,7,"220100","有强烈的事业心、责任心和积极的工作态度；熟练使用计算机办公软件，有一定的沟通协调能力；口齿清晰，普通话流利。","5","  ","人力资源经理","      ","18604467900","","热线员","1"
72101,"jlrc001215","墓位销售员","0400      ","1","","2017-03-14","2017-05-14",2,7,"220100","女性，30岁以内，大专以上学历，吃苦耐劳，形象好表达能力

强。","4","  ","人力资源经理","      ","18743066744","","墓位销售员","1"
72102,"jlrc001215","售后服务","2199      ","1","","2017-03-14","2017-05-14",0,7,"220100","大专以上学历，形象好，语言表达能力强。","4","  ","人力资源经理","      ","18743066744","","售后服务","1"
72103,"jlrc001218","业务经理（市场专员）","0400      ","1","","2017-03-15","2017-05-15",0,7,"220100","","8","  ","人力资源经理","      ","0431-88005656","","业务经理（市场专员）","1"
72104,"jlrc001219","咖啡师","4800      ","1","","2017-03-15","2017-05-15",2,7,"220100","","4","  ","穆女士","      ","17743113977","","咖啡师","1"
72105,"jlrc001219","出纳员","1114      ","1","","2017-03-15","2017-05-15",1,7,"220100","","4","  ","穆女士","      ","17743113977","","出纳员","1"
72106,"jlrc001220","销售经理","0400      ","1","","2017-03-15","2017-05-15",0,7,"220100","","4","  ","人力资源经理","      ","18088605635","","销售经理","1"
72107,"jlrc001220","销售代表","0400      ","1","","2017-03-15","2017-05-15",0,7,"220100","","4","  ","人力资源经理","      ","18088605635","","销售代表","1"
72108,"jlrc001220","销售主管","0400      ","1","","2017-03-15","2017-05-15",0,7,"220100","","4","  ","人力资源经理","      ","18088605635","","销售主管","1"
72109,"jlrc001223","营销总经理","0302      ","1","","2017-03-15","2017-05-15",1,7,"220100","负责商学院整体工作管理","4","01","张先生","      ","0431-87910399     15948344069","","营销总经理","1"
72110,"jlrc001223","销售总监","0301      ","1","","2017-03-15","2017-05-15",3,7,"220100","能独立组建、培养、统领、创造优越的销售团队，完成公司所下达任务；","4","01","张先生","      ","0431-87910399     15948344069","","销售总监","1"
72111,"jlrc001223","销售经理","0202      ","1","","2017-03-15","2017-05-15",6,7,"220100","具有多年以上的产品销售和渠道管理经验，优秀团队建设经验及管理能力","4","  ","张先生","      ","0431-87910399     15948344069","","销售经理","1"
72112,"jlrc001223","销售专员","0304      ","1","","2017-03-15","2017-05-15",30,7,"220100","男女不限，语言表达能力强，热爱销售，有无经验均可","4","  ","张先生","      ","0431-87910399     15948344069","","销售专员","1"
72113,"jlrc001223","讲师","1904      ","1","","2017-03-15","2017-05-15",10,7,"220100","专业培训+带薪休假+底薪+提成+奖金   
有企业讲师经验","4","01","张先生","      ","0431-87910399     15948344069","","讲师","1"
72114,"jlrc001224","媒介总监","4300      ","1","","2017-03-15","2017-05-15",0,7,"220100","具有丰富的新媒体运营经验、一定的媒体资源和策划能力、有团队管理能力。熟悉互联网文化，具有新媒体营销知识，熟悉新媒体、自媒体及互联网推广渠道，掌握公众号广告主体投放、朋友圈都放技巧。","4","  ","人力资源经理","      ","17790061272","","媒介总监","1"
72115,"jlrc001224","平面设计","1604      ","1","","2017-03-15","2017-05-15",0,7,"220100","1、平面设计相关专业，本科以上学历；
2、能熟练操作PS、AI、ID、CDR等设计软件；
3、三年以上相关工作经验；
4、具有深厚的美术功底和良好的创意构思能力，拥有独特的设计风格，能够独立完成设计项目；","4","  ","人力资源经理","      ","17790061272","","平面设计","1"
72116,"jlrc001224","文案策划","4207      ","1","","2017-03-15","2017-05-15",0,7,"220100","1、协助项目负责人完成公关策划项目；
2、负责创意执行跟进；
3、负责日常项目与客户沟通提报；
3、相关资料搜集、整理、分析；","4","  ","人力资源经理","      ","17790061272","","文案策划","1"
72117,"jlrc001224","三维设计","1699      ","1","","2017-03-15","2017-05-15",0,7,"220100","1、根据策划和设定，制作所需的3D资源，在把握整体风格的前提下根据原画设计稿进行3D场景建模；
2、模型的贴图绘制和渲染出图，适当的后期处理；
3、一些通用场景素材的收集制作和整理；
4、能独立完成项目的创意设计，包括制作cad图，效果图、立体图、平面图、设计手册等；
5、负责项目的设计管理，提出设计意见；
6、正确领略公司总体规划理念和客户意图并准确完整地表达呈现设计思想；
7、负责展览展示道具的设计，控制多种材料和色彩的组合运用及整体效果的搭配。","4","  ","人力资源经理","      ","17790061272","","三维设计","1"
72118,"jlrc001224","培训助理","1310      ","1","","2017-03-15","2017-05-15",0,7,"220100","1、负责培训项目的实施，并持续改善；
2、协助上级建立并优化培训体系，建立内部及外部师资库、教材库、试题库和案例库等；
3、协助上级编制并完善公司的年度培训计划并组织实施；
4、负责公司的培训计划实施，组织内外部讲师资源、审核课程并落实培训；","8","  ","人力资源经理","      ","17790061272","","培训助理","1"
72119,"jlrc001224","行政助理","2603      ","1","","2017-03-15","2017-05-15",0,7,"220100","1、负责员工的考勤，于次月第一个工作日提供考勤报表并存档；
2、负责员工档案管理，包括原始档案的收集、整理、归档、电子档案的建立；
3、对一般文件的起草和行政人事文的管理；
4、依据人力资源要求计划，组织各种形式的招聘工作、收集招聘信息，协助招聘工作；
5、处理人事日常管理工作，负责请假、招聘、录用、保险、合同等人事手续的办理；
6、及时办理相关证件的注册、登记、变更、年检等手续；协助做好公司人力工作的管理、培训与指导；
7、组织公司各种活动的策划；
8、负责办公用品采购计划制定及物品领取管理。","4","  ","人力资源经理","      ","17790061272","","行政助理","1"
72120,"jlrc001225","客户经理+股权投资","0400      ","1","","2017-03-15","2017-05-15",5,7,"220100","1、负责开发并维护营销渠道，开发新客户，维护老客户，为客户提供投资理财咨询等服务；
2、负责收集相关市场信息，并向客户传递公司产品与服务信息；
3、负责为客户提供金融理财的合理化建议，为客户实现资产保值增值；
4、负责向客户提供与投资理财相关的服务工作；","8","  ","人力资源经理","      ","18743435698   0431-86144444","","客户经理+股权投资","1"
72121,"jlrc001225","储备干部","2600      ","1","","2017-03-15","2017-05-15",10,7,"220100","1、高效认真的完成领导所交代的工作并能独立处理和解决所负责的任务；
2、协助所在部门和公司各项计划的开展、执行和监督；","4","  ","人力资源经理","      ","18743435698   0431-86144444","","储备干部","1"
72122,"jlrc001225","经理助理","2604      ","1","","2017-03-15","2017-05-15",5,7,"220100","1、对公司项目可在短期内迅速学习了解；
2、协助所在部门经理做好部门业务的开展及执行工作；
3、负责配合部门经理收集相关市场信息，并独立完成向客户传递公司产品","8","  ","人力资源经理","      ","18743435698   0431-86144444","","经理助理","1"
72123,"jlrc001225","绘图员","1699      ","1","","2017-03-15","2017-05-15",2,7,"220100","1、配合设计师并能独立制作效果图及施工图；
2、熟悉操作3ds Max, AutoCAD, Photoshop等相关设计软件；
3、设计绘制室内空间平面布局，立面布局以及材质和工艺说明；","4","  ","人力资源经理","      ","18743435698   0431-86144444","","绘图员","1"
72124,"jlrc001226","销售顾问","0400      ","1","","2017-03-16","2017-05-16",0,7,"220100","有无经验均可，爱岗敬业，有沟通能力即可。实习期：底薪500+提成，转正底薪800-1200+提成（月均工资5000以上）","8","  ","人力资源经理","      ","15543582270  18604309862","","销售顾问","1"
72125,"jlrc001226","内勤","2606      ","1","","2017-03-16","2017-05-16",0,7,"220100","有经验者优先。","8","06","人力资源经理","      ","15543582270  18604309862","","内勤","1"
72126,"jlrc001226","装饰小工","2499      ","1","","2017-03-16","2017-05-16",0,7,"220100","底薪500+提成","8","  ","人力资源经理","      ","15543582270  18604309862","","装饰小工","1"
72127,"jlrc001228","广告大喷机操作员","5299      ","1","","2017-03-16","2017-05-16",1,2,"220100","","3","  ","人力资源经理","      ","85541316        18343117870","","广告大喷机操作员","1"
72128,"jlrc001228","客服","2704      ","1","","2017-03-16","2017-05-16",2,7,"220100","","4","  ","人力资源经理","      ","85541316        18343117870","","客服","1"
72129,"jlrc001228","暖通技工","2799      ","1","","2017-03-16","2017-05-16",0,7,"220100","","3","  ","人力资源经理","      ","85541316        18343117870","","暖通技工","1"
72130,"jlrc001228","土木工程专业人员","2402      ","1","","2017-03-16","2017-05-16",1,3,"220100","","8","  ","人力资源经理","      ","85541316        18343117870","","土木工程专业人员","1"
72131,"jlrc001228","平面设计","1604      ","1","","2017-03-16","2017-05-16",1,7,"220100","","4","  ","人力资源经理","      ","85541316        18343117870","","平面设计","1"
72132,"jlrc001228","保卫干事","5201      ","1","","2017-03-16","2017-05-16",1,7,"220100","","1","  ","人力资源经理","      ","85541316        18343117870","","保卫干事","1"
72133,"jlrc001229","出纳兼内勤","2606      ","1","","2017-03-16","2017-05-16",2,7,"220100","","8","  ","人力资源经理","      ","18088683269","","出纳兼内勤","1"
72134,"xdgt","会计 统计","1105      ","1","","2017-03-16","2017-04-25",0,7,"220700","","4","08","房女士","136300","13766088280","","会计 统计","1"
72135,"jlrc001231","店长/储备店长","1399      ","1","","2017-03-16","2017-05-16",0,1,"220100","","8","  ","人力资源经理","      ","89181095","","店长/储备店长","1"
72136,"jlrc001232","机械工程师","1239      ","1","","2017-03-16","2017-05-16",0,7,"220100","","5","  ","人力资源经理","      ","0431-85189595","","机械工程师","1"
72137,"jlrc001232","会计","1105      ","1","","2017-03-16","2017-05-16",0,7,"220100","","5","  ","人力资源经理","      ","0431-85189595","","会计","1"
72138,"jlrc001232","销售工程师","0400      ","1","","2017-03-16","2017-05-16",0,1,"220100","","5","  ","人力资源经理","      ","0431-85189595","","销售工程师","1"
72139,"jlrc001232","数控五轴编程","1200      ","1","","2017-03-16","2017-05-16",0,7,"220100","","5","  ","人力资源经理","      ","0431-85189595","","数控五轴编程","1"
72140,"jlrc001232","数控铣工","1200      ","1","","2017-03-16","2017-05-16",0,1,"220100","","8","  ","人力资源经理","      ","0431-85189595","","数控铣工","1"
72141,"jlrc001232","保安","5201      ","1","","2017-03-16","2017-05-16",0,7,"220100","","8","  ","人力资源经理","      ","0431-85189595","","保安","1"
72142,"jlrc001232","司机","5299      ","1","","2017-03-16","2017-05-16",0,5,"220100","","8","  ","人力资源经理","      ","0431-85189595","","司机","1"
72143,"jlrc001233","销售精英","0400      ","1","","2017-03-16","2017-05-16",0,3,"220100","","4","  ","人力资源经理","      ","0431-81688288","","销售精英","1"
72144,"jlrc001233","营销讲师","1904      ","1","","2017-03-16","2017-05-16",0,2,"220100","","4","  ","人力资源经理","      ","0431-81688288","","营销讲师","1"
72145,"jlrc001234","客服专员","2704      ","1","","2017-03-16","2017-05-16",0,7,"220100","1.解答客户咨询的问题，与客户进行有效的沟通；2，负责处理客户的投诉","8","08","李经理","      ","0431-81929316","","客服专员","1"
72146,"jlrc001234","美工","1699      ","1","","2017-03-16","2017-05-16",0,7,"220100","1.负责对新品进行详情页的设计，并完成上架及保证宝贝 上线效果；3.负责店铺产品图片处理、设计、修改和更新工作；","8","08","李经理","      ","0431-81929316","","美工","1"
72147,"jlrc001234","设计师","1604      ","1","","2017-03-16","2017-05-16",0,7,"220100","1.负责公司各渠道和平台店铺的整体页面规划和设计；","8","08","李经理","      ","0431-81929316","","设计师","1"
72148,"jlrc001236","消防话务内勤","2606      ","1","","2017-03-16","2017-05-16",0,7,"220100","底薪+提成>3000元以上，双休、五险、法定假日、工龄工资等","4","08","人力资源经理","      ","0431-88761609","","消防话务内勤","1"
72149,"jlrc001236","培训讲师","1904      ","1","","2017-03-16","2017-05-16",0,7,"220100","底薪+提成>5000元以上，双休、五险、法定假日、工龄工资等","4","  ","人力资源经理","      ","0431-88761609","","培训讲师","1"
72150,"jlrc001236","消防讲解员","1904      ","1","","2017-03-16","2017-05-16",0,7,"220100","底薪+提成>3000元以上，双休、五险、法定假日、工龄工资等","4","  ","人力资源经理","      ","0431-88761609","","消防讲解员","1"
72151,"jlrc001236","业务员","0400      ","1","","2017-03-16","2017-05-16",0,7,"220100","底薪+提成>3000元以上，双休、五险、法定假日、工龄工资等","4","  ","人力资源经理","      ","0431-88761609","","业务员","1"
72152,"jlrc001236","销售精英","0400      ","1","","2017-03-16","2017-05-16",0,7,"220100","底薪+提成>5000元以上，双休、五险、法定假日、工龄工资等","4","  ","人力资源经理","      ","0431-88761609","","销售精英","1"
72153,"jlrc001237","平面、网页、移动端设计师","1699      ","1","","2017-03-16","2017-05-16",0,7,"220100","双休，五险一金，早九晚五
待遇：以上职位一经录用公司将提供五险一金、周末双休、法定节假日、带薪年假、以及专业的职场培训","8","  ","人力资源经理","      ","13009128133","","平面、网页、移动端设计师","1"
72154,"jlrc001239","客服专员","2704      ","1","","2017-03-16","2017-05-16",0,7,"220100","1.解答客户咨询的问题，与客户进行有效的沟通；2，负责处理客户的投诉","8","08","人力资源经理","      ","0431-81929316","","客服专员","1"
72155,"jlrc001239","设计师","1699      ","1","","2017-03-16","2017-05-16",0,7,"220100","1.负责公司各渠道和平台店铺的整体页面规划和设计；","8","08","人力资源经理","      ","0431-81929316","","设计师","1"
72156,"jlrc001239","企划经理","0336      ","1","","2017-03-16","2017-05-16",0,7,"220100","1.依据公司经营及整体战略目标制定全年度营销策划方案和规划；2.制定京东店铺年度、季度和月度在线活动计 划，针对热点事件、节日策划线上活动，并推动执行；","8","  ","人力资源经理","      ","0431-81929316","","企划经理","1"
72157,"jlrc001242","宏站设计工程师","1200      ","1","","2017-03-16","2017-05-16",0,7,"220100","1、男，18-28周岁，无经验可先实习，大专以上学历，可接纳应届毕业生
2、通信、计算机、机械、电子、设计类等理工科优先考虑","4","  ","张经理","      ","13944868735","","宏站设计工程师","1"
72158,"jlrc001242","室分设计工程师","1200      ","1","","2017-03-16","2017-05-16",0,7,"220100","1、男，18-28周岁，无经验可先实习，大专以上学历，可接纳应届毕业生
2、通信、计算机、机械、电子、设计类等理工科优先考虑","4","  ","张经理","      ","13944868735","","室分设计工程师","1"
72159,"jlrc001242","宽带设计工程师","1200      ","1","","2017-03-16","2017-05-16",0,7,"220100","1、男，18-28周岁，无经验可先实习，大专以上学历，可接纳应届毕业生
2、通信、计算机、机械、电子、设计类等理工科优先考虑","4","  ","张经理","      ","13944868735","","宽带设计工程师","1"
72160,"jlrc001247","工程部经理","1200      ","1","","2017-03-16","2017-05-16",0,7,"220100","建筑结构/土木/专业；10年以上房地产行业项目管理、现场施工管理工作经验；熟悉大型房地产运营管理各项流程；熟悉工程管理、项目管理、房地产管理相关知识；中级专业技术职务或中级工程师、二级建造师以上相关任职资格。","5","  ","人力资源经理","      ","13944065646、13578698822","","工程部经理","1"
72161,"xdgt","董事长助理","2604      ","1","","2017-03-18","2017-04-01",3,0,"220700","","4","08","房女士","136300","13766088280","","董事长助理","1"
72162,"xdgt","普工","3710      ","1","炼铁","2017-03-20","2017-05-25",0,7,"220700","","8","08","房女士","136300","13766088280","","普工","1"
72163,"kenthhs","kenthhs","3800      ","1","","2017-03-20","2018-10-10",0,7,"220100","","0","  ","12345678","123456","12345678","","kenthhs","1"
72164,"jlrc001248","销售代表","0401      ","1","","2017-03-20","2017-05-20",6,7,"220100","基本工资+补贴+住宿+个人奖金+高额提成+晋升","8","  ","人力资源经理","      ","0431-81009183    15943058664","","销售代表","1"
72165,"jlrc001250","QA","4100      ","1","","2017-03-21","2017-05-21",3,7,"220100","本科以上学历，药学相关专业，有相关工作经验者优先。","5","  ","于小姐","      ","0435-5099107","","QA","1"
72166,"jlrc001250","QC","4100      ","1","","2017-03-21","2017-05-21",5,7,"220100","大专以上学历，药学相关，有检验经验，熟知化学知识，能熟练操作检验仪器。","4","  ","于小姐","      ","0435-5099107","","QC","1"
72167,"jlrc001250","工艺员","4100      ","1","","2017-03-21","2017-05-21",3,7,"220100","本科以上学历，药学相关专业，有生产管理经验，参与过GMP认证工作者优先。","5","  ","于小姐","      ","0435-5099107","","工艺员","1"
72168,"jlrc001250","研发中心研究员","4100      ","1","","2017-03-21","2017-05-21",1,7,"220100","本科以上学历，药学相关专业。","5","  ","于小姐","      ","0435-5099107","","研发中心研究员","1"
72169,"jlrc001250","生产部主管","1306      ","1","","2017-03-21","2017-05-21",1,7,"220100","本科以上学历，药学相关专业，需要专业较高和经验丰富且能够将生产、验证、GMP要求有效的结合的有3年以上制药工作经验。","5","  ","于小姐","      ","0435-5099107","","生产部主管","1"
72170,"jlrc001250","会计","1105      ","1","","2017-03-21","2017-05-21",2,7,"220100","大专以上学历，会计相关专业，要求有相关工作经验。","4","  ","于小姐","      ","0435-5099107","","会计","1"
72171,"jlrc001251","销售经理","0400      ","1","","2017-03-21","2017-05-21",0,7,"220100","","4","  ","人力资源经理","      ","13844024571","","销售经理","1"
72172,"jlrc001251","销售代表","0400      ","1","","2017-03-21","2017-05-21",0,7,"220100","","8","  ","人力资源经理","      ","13844024571","","销售代表","1"
72173,"jlrc001252","行政管理","2600      ","1","","2017-03-21","2017-05-21",0,7,"220100","","5","  ","人力资源经理","      ","","","行政管理","1"
72174,"jlrc001252","人力资源管理","1300      ","1","","2017-03-21","2017-05-21",0,7,"220100","","5","  ","人力资源经理","      ","","","人力资源管理","1"
72175,"jlrc001252","财会","1105      ","1","","2017-03-21","2017-05-21",0,7,"220100","","5","  ","人力资源经理","      ","","","财会","1"
72176,"jlrc001252","路桥技术员","2418      ","1","","2017-03-21","2017-05-21",0,7,"220100","","5","  ","人力资源经理","      ","","","路桥技术员","1"
72177,"lsjd","电气设计","1200      ","1","","2017-03-22","2017-06-22",0,7,"220100","","5","  ","人力资源经理","      ","13610712601","","电气设计","1"
72178,"jlrc001254","中国电信营业厅手机销售","0400      ","1","","2017-03-22","2017-05-22",0,7,"220100","","8","08","人力资源经理","      ","18943166444","","中国电信营业厅手机销售","1"
72179,"jlrc001255","会计","1105      ","1","","2017-03-22","2017-05-22",1,7,"220100","","8","  ","人力资源经理","","13544036888","","会计","1"
72180,"jlrc001260","初高中英语教师","1901      ","1","","2017-03-22","2017-05-22",6,1,"220100","","5","  ","人力资源经理","      ","87208887，13756346298","","初高中英语教师","1"
72181,"jlrc001260","行政人事主管","2602      ","1","","2017-03-22","2017-05-22",2,2,"220100","","4","  ","人力资源经理","      ","87208887，13756346298","","行政人事主管","1"
72182,"jlrc001260","会计","1105      ","1","","2017-03-22","2017-05-22",1,7,"220100","大专以上，可兼职其它面议。","4","  ","人力资源经理","      ","87208887，13756346298","","会计","1"
72183,"jlrc001263","电销","0405      ","1","","2017-03-22","2017-05-22",0,7,"220100","","8","  ","人力资源经理","      ","043181072676    15584494829","","电销","1"
72184,"jlrc001263","网销","0400      ","1","","2017-03-22","2017-05-22",0,7,"220100","1、具备快速的学习能力；
2、性格外向、反应敏捷、表达能力强，具有较强的沟通能力及交际技巧，具有亲和力；
3、口齿清晰，表达能力强，有良好的人际交往沟通能力，勤奋刻苦，良好的抗压能力及较强的团队协作精神，有强烈的上进心；
【薪资待遇】
正常干2000---3000元/月
??努力干3000---5000元/月
使劲干5000---8000元/月
拼命干10000元/月以上（不封顶）","8","  ","人力资源经理","      ","043181072676    15584494829","","网销","1"
72185,"jlrc001266","销售内勤","0400      ","1","","2017-03-22","2017-05-22",3,7,"220100","底薪2000+50%提成；接收应届毕业生，有销售工作经验者优先。","8","07","石经理","      ","13604405945","","销售内勤","1"
72186,"jlrc001266","销售经理","0202      ","1","","2017-03-22","2017-05-22",3,7,"220100","底薪2500+50%提成+4%管理奖；有销售工作经验者优先。","8","  ","石经理","      ","13604405945","","销售经理","1"
72187,"jlrc001267","物流主管","1502      ","1","","2017-03-22","2017-05-22",1,7,"220100","工作认真负责，身体健康；能吃苦，反应迅速，能果断处理日常突发事件，并有较好的沟通能力和表达能力；本科以上学历，35岁以上，有经验者优先。","5","  ","人力资源经理","      ","15011620888","","物流主管","1"
72188,"jlrc001270","销售部实习生","0400      ","1","","2017-03-22","2017-05-22",3,7,"220100","专科学历（汽车专业优先），有无实习经验均可，2017年或2018年毕业在校学习，可签订三方实习协议。","8","  ","人力资源经理","      ","","","销售部实习生","1"
72189,"jlrc001270","财务部实习生","1122      ","1","","2017-03-22","2017-05-22",1,7,"220100","专科学历（汽车专业优先），有无实习经验均可，2017年或2018年毕业在校学习，可签订三方实习协议。","8","  ","人力资源经理","      ","","","财务部实习生","1"
72190,"jlrc001270","客服部实习生","2704      ","1","","2017-03-22","2017-05-22",1,7,"220100","专科学历（汽车专业优先），有无实习经验均可，2017年或2018年毕业在校学习，可签订三方实习协议。","8","  ","人力资源经理","      ","","","客服部实习生","1"
72191,"15948765266","装饰工程技术负责人","2400      ","1","","2017-03-22","2017-06-22",5,7,"220100","","4","  ","邢经理","130000","15143003337","","装饰工程技术负责人","1"
72192,"jlrc001281","团队经理","1306      ","1","","2017-03-23","2017-05-23",4,7,"220100","底薪+奖金+分红=6000+ 从事金融行业者优先考虑","8","  ","董小姐","      ","0431-81976059      13086809627","","团队经理","1"
72193,"jlrc001281","财务","1100      ","1","","2017-03-23","2017-05-23",1,2,"220100","面议 有两年以上工作经验","8","01","董小姐","      ","0431-81976059      13086809627","","财务","1"
72194,"jlrc001285","初高中各科老师","1901      ","1","","2017-03-23","2017-05-23",0,5,"220100","有五年以上教学经验","8","  ","人力资源经理","      ","","","初高中各科老师","1"
72195,"jlrc001286","行政助理","2603      ","1","","2017-03-24","2017-06-24",1,1,"220100","","4","01","王先生","      ","85611160","","行政助理","1"
72196,"jlrc001286","综合金融客户经理","0400      ","1","","2017-03-24","2017-06-24",1,1,"220100","","4","01","王先生","      ","85611160","","综合金融客户经理","1"
72197,"jlrc001286","综合金融储备主管","0400      ","1","","2017-03-24","2017-06-24",1,1,"220100","","4","01","王先生","      ","85611160","","综合金融储备主管","1"
72198,"jlrc001287","测量员、测绘员","5199      ","1","","2017-03-30","2017-05-30",0,7,"220100","岗位要求：
（1）吃苦耐劳，抗压能力者优先
（2）掌握使用全站仪等测量仪器者优先
（3）能适应长期省内出差
薪资待遇：底薪1000+外业补助+提成（按亩）=月薪3000-4000元，供吃供住，五险，亲情式管理
面试地址：高新区硅谷大街与顺达路交汇益田枫露
面试时间：早9：00-晚16：00（周六、周日除外）","8","  ","人力资源经理","      ","18243785933    13756273285","","测量员、测绘员","1"
72199,"jlrc001288","销售顾问","0400      ","1","","2017-03-30","2017-05-30",0,7,"220100","男175cm 女165cm以上，形象好气质佳，同行业两年以上经验","8","  ","陈女士","      ","0431-88910999转8111","","销售顾问","1"
72200,"jlrc001290","会议统筹","4900      ","1","","2017-03-30","2017-05-30",1,7,"220100","中专以上学历，男女不限，有相关工作经验者优先。","3","  ","周女士","      ","0431-85385788","","会议统筹","1"
72201,"jlrc001290","中餐VIP服务员","4900      ","1","","2017-03-30","2017-05-30",3,7,"220100","大专以上学历，要求女，形象好、气质佳，能吃苦耐劳。","4","  ","周女士","      ","0431-85385788","","中餐VIP服务员","1"
72202,"jlrc001290","收银员","4900      ","1","","2017-03-30","2017-05-30",1,7,"220100","中专以上学历，要求女，有相关工作经验者优先。","3","  ","周女士","      ","0431-85385788","","收银员","1"
72203,"jlrc001290","宴会服务员","4900      ","1","","2017-03-30","2017-05-30",2,7,"220100","中专以上学历，能吃苦耐劳。","3","  ","周女士","      ","0431-85385788","","宴会服务员","1"
72204,"jlrc001292","外汇交易员","2100      ","1","","2017-03-30","2017-05-30",0,7,"220100","1、专业不限，大专及以上学历。
2、有志从事金融行业，零经验入职培训。
3、有较强的执行力和抗压能力。
4、认同公司经营理念。
5、公司提供免费的岗前专业培训、操作账号和本金，并承担全部交易风险，无需个人缴纳任何费用，签订正式的劳动合同。
待遇：底薪3K-8K不等+绩效奖金","4","  ","赵先生","","18626643689","","外汇交易员","1"
72205,"jlrc001292","培训讲师/培训讲师助理","1904      ","1","","2017-03-30","2017-05-30",0,7,"220100","1、专业不限，大专及以上学历。
2、具有外汇、期货、股票等实盘操作1年以上经验。
3、口才好，气质佳。
待遇：2K-5K","4","  ","赵先生","","18626643689","","培训讲师/培训讲师助理","1"
72206,"jlrc001292","行政专员/人事专员","2603      ","1","","2017-03-30","2017-05-30",0,7,"220100","1、专业不限，大专及以上学历。
2、熟练使用各种办公软件。
3、认真负责，完成上级领导交代的各项工作。
待遇：2K-4K","4","  ","赵先生","","18626643689","","行政专员/人事专员","1"
72207,"jlrc001293","会计","1105      ","1","","2017-03-30","2017-05-30",1,7,"220100","薪资：3500-4000","8","  ","人力资源经理","      ","18946585486","","会计","1"
72208,"jlrc001293","蔬菜采购","3904      ","1","","2017-03-30","2017-05-30",1,7,"220100","薪资：3000+提成","8","  ","人力资源经理","      ","18946585486","","蔬菜采购","1"
72209,"jlrc001293","水果采购","3904      ","1","","2017-03-30","2017-05-30",1,7,"220100","薪资：3000+提成","8","  ","人力资源经理","      ","18946585486","","水果采购","1"
72210,"jlrc001294","项目经理","3003      ","1","","2017-03-30","2017-05-30",0,5,"220100","1、25岁以上，5年以上项目施工现场管理工作经验，能独立带项目；
2、有外墙保温施工管理经验，土木工程、建筑预算专业优先考虑；
3、有较强的沟通表达能力；
4、能吃苦耐劳，有团队意识，能服从公司调配。
5、招聘地区(哈尔滨、长春、沈阳、大连、北京、天津、济南、西安)
薪酬标准：6000以上","8","  ","人力资源经理","      ","0432-64828812","","项目经理","1"
72211,"jlrc001294","销售经理","0400      ","1","","2017-03-30","2017-05-30",0,7,"220100","1、年龄在25-35岁，大专以上学历；化工及相关专业者优先考虑；
2.二年以上化工添加剂（砂浆、涂料、自流平、防水等）销售相关工作经历
3.具有较强市场拓展和维护能力，能够进行良好沟通；
4.具有独立工作及能够承受工作压力的能力；工作主动，吃苦耐劳；
5.具有良好的团队合作能力和工作执行力；
薪酬标准：4500+","4","  ","人力资源经理","      ","0432-64828812","","销售经理","1"
72212,"jlrc001294","人力资源助理","1305      ","1","","2017-03-30","2017-05-30",0,7,"220100","1、本科以上学历，优秀学生干部，应届/往届生均可，有主持或培训等经验
可优先考虑；
2、男身高175cm以上，女身高160cm以上，形象气质佳，沟通表达流畅；
3、性格开朗乐观，有责任心，思路清晰，头脑灵活，有驾照；
4、有一定的文字功底，对人事工作有兴趣。
薪酬标准：2800+","5","  ","人力资源经理","      ","0432-64828812","","人力资源助理","1"
72213,"jlrc001294","审计专员","1119      ","1","","2017-03-30","2017-05-30",0,3,"220100","1.企业管理、财务相关专业，会计师事务所工作3到5年以上;
2.统招本科学历，具有审计师或中级会计师以上资格;
3.熟悉国家财务政策、会计准则;
4.精通审计、税务法律法规;
5.熟悉行业以及公司经营范围、业务流程以及会计核算方法;
6.了解相关经济法律政策;
7.良好的沟通及书面表达能力。
薪酬标准：4000+","5","  ","人力资源经理","      ","0432-64828812","","审计专员","1"
72214,"jlrc001294","法务专员","1800      ","1","","2017-03-30","2017-05-30",0,3,"220100","1、30岁以上，法学相关专业全日制本科及以上学历；
2、3年以上法务工作经验，有扎实的专业知识和实践经验；
3、精通民法、合同法、公司法等民商事法律法规，熟悉公司合同管理体系
和法律风险控制流程，对风险预控具备高敏感度；
4、有上市公司工作经验优先考虑。
5、认同企业文化，较强责任心，诚信、稳重、积极、进取、善于创新；
6、具有一定开拓和创造力，良好的沟通及团队协作能力，较强服务意识和承压能力；
薪酬标准：4000-6000","5","  ","人力资源经理","      ","0432-64828812","","法务专员","1"
72215,"jlrc001295","行政助理","2603      ","1","","2017-03-30","2017-05-30",1,7,"220100","大专以上学历，男性，有驾照、半年以上工作经验。","4","  ","何小姐","      ","0433-5936005","","行政助理","1"
72216,"jlrc001297","教学教师","1900      ","1","","2017-03-31","2017-05-01",0,7,"220100","1、具有较强的英文表达能力，普通话标准，口齿伶俐；
2、热爱教育事业，工作积极主动，责任心强，有爱心，学习能力强；
3、企业归属感强，有良好的团队合作能力和时间管理能力；
4、上岗前免费培训，有无经验均可，可接受应届生。
待遇：底薪+课时+奖金+带薪休假+节日福利
满一年后交五险一金","8","  ","人力资源经理","      ","13624464703           13341595857","","教学教师","1"
72217,"jlrc001297","前台教师","1900      ","1","","2017-03-31","2017-05-01",0,7,"220100","1、具有较强的英文表达能力，普通话标准，口齿伶俐；
2、热爱教育事业，工作积极主动，责任心强，有爱心，学习能力强；
3、企业归属感强，有良好的团队合作能力和时间管理能力；
4、上岗前免费培训，有无经验均可，可接受应届生。
待遇：底薪+课时+奖金+带薪休假+节日福利
满一年后交五险一金","8","  ","人力资源经理","      ","13624464703           13341595857","","前台教师","1"
72218,"jlrc001297","主管","1300      ","1","","2017-03-31","2017-05-01",0,7,"220100","","8","  ","人力资源经理","      ","13624464703           13341595857","","主管","1"
72219,"jlrc001299","人事专员","1304      ","1","","2017-03-31","2017-06-01",1,7,"220100","专业要求：人力资源专业大专以上学历，熟练掌握人力资源各模块理论，从事人力资源工作1年以上，具备hr专业知识；具有良好的书面、口头表达能力，亲和力和服务意识，沟通领悟能力强。","4","  ","人力资源经理","      ","18843149666","","人事专员","1"
72220,"jlrc001301","客服专员","2704      ","1","","2017-03-31","2017-06-01",1,7,"220100","工作职责：负责客户的咨询、解答、反馈。","8","  ","杨总","      ","0431-81929316","","客服专员","1"
72221,"jlrc001302","培训服务部","1300      ","1","","2017-03-31","2017-06-01",0,7,"220100","3000-5000元，师范类、经管类或营销类相关专 业本科以上学历","8","  ","人力资源经理","      ","18186892628       15904343603","","培训服务部","1"
72222,"jlrc001303","教师/助教","1904      ","1","","2017-03-31","2017-06-01",0,7,"220100","薪资待遇：2500-5000元
具体要求：大专以上学历，普通话标准，有爱心、耐心和责任 心，善于沟通、协调、具有敬业吃苦耐劳的精神。","8","  ","人力资源经理","      ","81885773","","教师/助教","1"
72223,"jlrc001303","客服专员","2704      ","1","","2017-03-31","2017-06-01",0,7,"220100","具体要求：大专以上学历，普通话标准，聪明灵活，开拓能力 强，能承受工作压力，上进心强，敢于挑战高薪，具备良好的 团队意识。","8","  ","人力资源经理","      ","81885773","","客服专员","1"
72224,"jlrc001303","校长助理","1999      ","1","","2017-03-31","2017-06-01",0,7,"220100","具体要求：大专以上学历，普通话标准，聪明灵活，有良好的 沟通能力，协调能力，管理能力，较强的责任心和服务意识。","8","  ","人力资源经理","      ","81885773","","校长助理","1"
72225,"jlrc001304","销售经理","0400      ","1","","2017-03-31","2017-06-01",0,7,"220100","薪资待遇：7000-10000元
具体要求：大专以上学历。善于管理、组织、沟通、协调、具 有敬业吃苦耐劳的精神。","8","  ","人力资源经理","      ","15590566002    0431-80852191","","销售经理","1"
72226,"jlrc001304","招聘专员","1326      ","1","","2017-03-31","2017-06-01",0,7,"220100","薪资待遇：3000-4000元
具体要求：大专及以上学历，2年以上招聘实务经验;人力资 源类相关专业优先;具备招聘方面的专业知识，熟知招聘工作流 程以及招聘渠道，熟悉国家关于劳动合同、人力资源管理方面 的法律法规。
福利待遇：以上职位工作时间早八晚五，每月带薪休息4天，丰富的福利保障，五险一金、带薪年假、产假、丧假、婚假、餐 补、交通补助、满勤奖、旅游、聚餐、年会抽奖等。","8","  ","人力资源经理","      ","15590566002    0431-80852191","","招聘专员","1"
72227,"jlrc001306","百度销售","0400      ","1","","2017-03-31","2017-06-01",10,7,"220100","3k-6k  沟通、学习能力强","8","  ","张经理","      ","18704495021","","百度销售","1"
72228,"jlrc001306","百度销售经理","0202      ","1","","2017-03-31","2017-06-01",1,7,"220100","有销售管理经验","8","  ","张经理","      ","18704495021","","百度销售经理","1"
72229,"jlrc001309","操作工","3799      ","1","","2017-03-31","2017-06-01",40,7,"220100","学历：中专以上		
综合工资：3500左右","8","  ","白杨","      ","18686665369","","操作工","1"
72230,"jlrc001309","质量墙","5299      ","1","","2017-03-31","2017-06-01",1,7,"220100","学历：中专以上	
综合工资：3500左右
待遇及要求：五险一金，免费班车工作餐，十三薪，采暖费，夜班补助，年节福利待遇。","8","  ","白杨","      ","18686665369","","质量墙","1"
72231,"jlrc001310","现场技术员","4399      ","1","","2017-03-31","2017-06-01",2,7,"220100","工作地点：不确定	
学历：专科或以上	
专业要求：暖通空调	
岗位薪资：根据能力面议","8","  ","朱达","      ","18686519111","","现场技术员","1"
72232,"jlrc001310","绘图员","5299      ","1","","2017-03-31","2017-06-01",2,7,"220100","工作地点：长春	
学历:专科或以上	
专业要求;暖通空调	
岗位薪资:根据能力面议","8","  ","朱达","      ","18686519111","","绘图员","1"
72233,"jlrc001310","内勤","2606      ","1","","2017-03-31","2017-06-01",1,7,"220100","性别要求:女	
工作地点：长春	
学历：专科或以上	
专业要求:暖通空调优先	
岗位薪资：根据能力面议","4","  ","朱达","      ","18686519111","","内勤","1"
72234,"jlrc001310","销售部","0400      ","1","","2017-03-31","2017-06-01",2,7,"220100","工作地点：长春、需适应出差
学历：专科或以上	
专业要求：暖通空调
岗位薪资：根据能力面议","4","  ","朱达","      ","18686519111","","销售部","1"
72235,"jlrc001311","文员","5299      ","1","","2017-03-31","2017-06-01",2,7,"220100","学历：大专以上	
专业要求：机械制造及相关专业	
薪资：面议","8","  ","郑明顺","      ","13080013888","","文员","1"
72236,"jlrc001311","刀具销售工程师","0400      ","1","","2017-03-31","2017-06-01",2,7,"220100","学历：大专以上	
专业要求：机械制造及相关专业	
薪资：面议","4","  ","郑明顺","      ","13080013888","","刀具销售工程师","1"
72237,"jlrc001312","总裁班辅导员","1900      ","1","","2017-03-31","2017-06-01",5,7,"220100","学历:大专及以上	市场营销专业优先	
岗位薪酬：试用期3个月，十项福利待遇+高底薪+绩效+奖金=月薪1万-2万","4","  ","乔楠","      ","0431-81856584      18686663927","","总裁班辅导员","1"
72238,"jlrc001312","网络维护","0199      ","1","","2017-03-31","2017-06-01",2,7,"220100","专业要求计算机或IT相关专业	
岗位薪酬：试用期1-3个月，十项福利待遇 ，月薪：2500元 ― 5000元。","4","  ","乔楠","      ","0431-81856584      18686663927","","网络维护","1"
72239,"jlrc001312","市场营销专员","0400      ","1","","2017-03-31","2017-06-01",5,7,"220100","专业要求：市场营销专业优先	
岗位薪酬：试用期3个月，十项福利待遇+高底薪+绩效+奖金=月薪1万-2万","4","  ","乔楠","      ","0431-81856584      18686663927","","市场营销专员","1"
72240,"jlrc001313","综合维修工","0599      ","1","","2017-04-01","2018-04-01",1,1,"220100","1、负责商场设备日常维护；
2、负责对设备、设施进行安全检查；
3、进行商场综合维修的日常工作；","0","07","刘女士","","0431-88607760   18600889794","","综合维修工","1"
72241,"jlrc001313","人事实习生","0199      ","1","","2017-04-01","2018-04-01",0,0,"220100","1、接听电话，接收传真，按要求转接电话或记录信息，确保及时准确；
2、对来访客人做好接待、登记、引导工作，及时通知被访人员；
3、负责公司快递、信件、包裹的收发工作； 
4、负责晨会组织、排班、考勤管理；
5、负责公司生日会等组织安排工作；
6、协助上级完成公司人事行政事务工作及部门内部日常事务工作。","4","05","刘女士","","0431-88607760   18600889794","","人事实习生","1"
72242,"jlrc001313","楼层管理","0799      ","1","","2017-04-01","2018-04-01",2,1,"220100","1、对所属楼面进行日常管理，服务于所属楼面商家；
2、严格执行总部6S管理及其它日常规范；
3、处理所辖楼面的突发情况及日常客诉；","4","07","刘女士","","0431-88607760   18600889794","","楼层管理","1"
72243,"jlrc001314","销售工程师","0400      ","1","","2017-04-07","2017-06-07",0,7,"220100","","8","  ","","      ","13844088047","","销售工程师","1"
72244,"jlrc001314","售后工程师","2707      ","1","","2017-04-07","2017-06-07",0,7,"220100","具体要求：具备良好的沟通能力，较强的责任心和服务意识。熟悉计算机软、硬件知识，和网络工程建设，具有软件开发、计算机维修知识者优先录用三、办公室文员：客服代表：薪资待遇：2500-4000元
具体要求：开拓能力强，能承受工作压力，上进心强，敢于挑战高薪，具备良好的团队意识，熟练office、photoshop等办公软件者优先录用。
福利待遇：以上职位工作时间早八晚五，每月带薪休息4天，法定假日带薪休息，每季度奖金发放，每月奖金发放，专业的职场培训及丰富的文娱活动签订劳动合同，享受五险一金。","8","  ","","      ","13844088047","","售后工程师","1"
72245,"jlrc001315","销售总监","0400      ","1","","2017-04-07","2017-06-07",0,7,"220100","","8","  ","","      ","0431-80885797","","销售总监","1"
72246,"jlrc001315","销售经理","0400      ","1","","2017-04-07","2017-06-07",0,7,"220100","","8","  ","","      ","0431-80885797","","销售经理","1"
72247,"jlrc001315","销售代表","0400      ","1","","2017-04-07","2017-06-07",0,7,"220100","","8","  ","","      ","0431-80885797","","销售代表","1"
72248,"jlrc001315","销售助理","0400      ","1","","2017-04-07","2017-06-07",0,7,"220100","薪资待遇：2000-3000元
具体要求:20-27岁,口齿伶俐,表达清晰,大专以上学历;对销售有热情,有培训,可培养.","8","  ","","      ","0431-80885797","","销售助理","1"
72249,"jlrc001316","外贸业务人员","0499      ","1","","2017-04-07","2017-06-07",2,7,"220100","","8","  ","于经理","      ","13943190953","","外贸业务人员","1"
72250,"jlrc001316","电子商务人员","1099      ","1","","2017-04-07","2017-06-07",2,7,"220100","","8","  ","于经理","      ","13943190953","","电子商务人员","1"
72251,"jlrc001317","销售经理","0400      ","1","","2017-04-07","2017-06-07",1,3,"220100","","4","  ","刘女士","      ","82704419    13069016532","","销售经理","1"
72252,"jlrc001317","物业主管","5299      ","1","","2017-04-07","2017-06-07",1,7,"220100","薪资待遇：4000-5000元
具体要求：大专以上学历。男性。具备良好的协调能力，有3-5年电气管理及土建维修管理经验。
福利待遇：以上职位工作时间早九晚六，每月休息4天，转正后五险一金加节日福利。","8","  ","刘女士","      ","82704419    13069016532","","物业主管","1"
72253,"jlrc001319","公关经理","4301      ","1","","2017-04-07","2017-06-07",0,7,"220100","岗位职责：
客户的开发与维护；
公关事务处理；
形象气质A+，驾龄>2年","8","  ","董女士","      ","18186827207","","公关经理","1"
72254,"jlrc001319","策划执行","1999      ","1","","2017-04-07","2017-06-07",0,7,"220100","岗位职责：
活动前期策划和准备，后期执行以及推广；
较强的公关活动组织能力及人际沟通能力；
大专以上学历（能力优异者免学历）；","4","  ","董女士","      ","18186827207","","策划执行","1"
72255,"jlrc001322","程序员","0199      ","1","","2017-04-07","2017-06-07",0,7,"220100","具体要求：
应届计算机相关专业或日语专业本科毕业生；
学习成绩良好，学习能力强，有团队合作精神；
有志从事软件开发及测试工作；
工作地点吉林市；
有日语基础优先。","8","  ","","      ","18843220110","","程序员","1"
72256,"jlrc001323","零售管理培训生","5199      ","1","","2017-04-07","2017-06-07",10,7,"220100","120元/天，毕业后3500元，月/长春市、吉林市/本科
需求专业：
专业不限
岗位职责：
1、毕业前店铺基层岗位轮岗实习；
2、掌握相关零售管理技能；
3、制定个人发展计划，储备公司管理干部。
岗位要求：  
1. 2017届全日制长春应届生； 
2. 拥有成就动机，表现出强烈的事业心，对事业目标有不舍追求，将个人目标与企业目标进行良好结合，能吃苦耐劳，踏实肯干  
3. 有事业心，上进心，有求知欲  
4. 保持开放的态度，乐于分享，鼓励合作  
5. 严谨，细致，能观察到容易被人忽视的细节  
6. 有志于在零售行业中发展。
发展岗位：店长、大店经理、数据分析、店铺陈列、人力资源
福利待遇：
1、固定工资+绩效奖金
2、带薪年假5天/年，法定三薪
3、年度体检，生日活动，员工团建等","8","  ","","      ","0431-88789666转803","","零售管理培训生","1"
72257,"jlrc001324","平面设计","1604      ","1","","2017-04-07","2017-06-07",0,7,"220100","职责：负责公司网络宣传的平面设计、宣传物料   
薪资：2000-4000+绩效
设计、品牌形象设计等相关工作","8","  ","","      ","","","平面设计","1"
72258,"jlrc001324","销售代表","0401      ","1","","2017-04-07","2017-06-07",0,7,"220100","职责：负责公司工程类、日常经营类的核算工作    
薪资：2000-4000+绩效","8","  ","","      ","","","销售代表","1"
72259,"jlrc001324","电话销售","0405      ","1","","2017-04-07","2017-06-07",0,7,"220100","职责：通过电话及直邮方式开发新客户，对客户    
薪资：2000-4000+绩效
进行回访、调查。","8","  ","","      ","","","电话销售","1"
72260,"jlrc001324","运营专员","3000      ","1","","2017-04-07","2017-06-07",0,7,"220100","","8","  ","","      ","","","运营专员","1"
72261,"jlrc001325","市场营销","0304      ","1","","2017-04-07","2017-06-07",0,7,"220100","经营范围:物业管理、服务;保洁服务;会务服务;绿化工程;二手房买卖等。拟聘有意共同创业的大学毕业生、男女不限、","8","  ","","      ","","","市场营销","1"
72262,"jlrc001325","人力资源管理","1300      ","1","","2017-04-07","2017-06-07",0,7,"220100","经营范围:物业管理、服务;保洁服务;会务服务;绿化工程;二手房买卖等。拟聘有意共同创业的大学毕业生、男女不限、","8","  ","","      ","","","人力资源管理","1"
72263,"jlrc001326","项目管理工程师","3004      ","1","","2017-04-07","2017-06-07",0,7,"220100","1、根据公司经营战略，领导车间全体员工贯彻落实企业经营目标
2、生产计划制定、生产过程执行、材料成品管理、制定员工绩效考核制度
3、设备管理与车间布局；材料控制等
4、跟踪项目进度，协调生产计划执行","8","  ","张女士","      ","18004453212   81997189","","项目管理工程师","1"
72264,"jlrc001326","成本审计工程师","1100      ","1","","2017-04-07","2017-06-07",0,7,"220100","1、目标成本分析，
2、报价成本分析，
3、材料定额审计，
4、材料采购审计，
5、降成本工作""","8","  ","张女士","      ","18004453212   81997189","","成本审计工程师","1"
72265,"jlrc001326","机械设计师工程师","1239      ","1","","2017-04-07","2017-06-07",0,7,"220100","1、负责公司研发团队的建设、管理、新产品研发工作；根据开发计划，合理控制开发进度。开发过程参与、监控，技术难题解决，风险控制；
2、协作生产部门解决生产中的技术难题；协调生产技术支持，外协模具技术跟踪；
3、主要负责机械设计，熟练使用CAD等制图软件，能熟练绘制钣金展开图，熟练使用三维设计软件绘制三维模型","8","  ","张女士","      ","18004453212   81997189","","机械设计师工程师","1"
72266,"jlrc001326","采购工程师","3900      ","1","","2017-04-07","2017-06-07",0,7,"220100","1、原材料的采购、做订单入库
2、供应商开发及管理
3、有较强的识图能力，机械等相关专业毕业。","8","  ","张女士","      ","18004453212   81997189","","采购工程师","1"
72267,"jlrc001326","库管员","5299      ","1","","2017-04-07","2017-06-07",0,7,"220100","1、原材料的出入库管理，账目管理，会开叉车，有库管员工作经验","8","  ","张女士","      ","18004453212   81997189","","库管员","1"
72268,"jlrc001326","质检员","3604      ","1","","2017-04-07","2017-06-07",0,7,"220100","1、检验焊接、下料、机加等工序产品，统计检验合格率，对不合格产品的问题准确描述，并书面反馈，能处理一般性不合格问题，对工序过程产品质量进行管控
2、掌握机械制造方面知识，会识图，看图
3、熟练使用检验工具、能看懂焊接图纸，能够判断焊接产品，焊缝质量
4、同岗位工作两年以上，能够独立处理检验当中遇到的问题，会使用办公软件","8","  ","张女士","      ","18004453212   81997189","","质检员","1"
72269,"jlrc001326","售后维修操作工","2799      ","1","","2017-04-07","2017-06-07",0,7,"220100","1、主要负责在主机厂检修产品，有过售后服务工作经验，吃苦耐劳	面议","8","  ","张女士","      ","18004453212   81997189","","售后维修操作工","1"
72270,"jlrc001326","数控操作工","1299      ","1","","2017-04-07","2017-06-07",0,7,"220100","1、招聘激光切、步冲、折弯操作工
2、要求会编程、有较强的试图能力
3、适应加班、倒班""","8","  ","张女士","      ","18004453212   81997189","","数控操作工","1"
72271,"jlrc001327","会籍顾问","2100      ","1","","2017-04-07","2017-06-07",6,7,"220100","","8","  ","","","","","会籍顾问","1"
72272,"jlrc001327","健身教练","4899      ","1","","2017-04-07","2017-06-07",0,7,"220100","","8","  ","","","","","健身教练","1"
72273,"jlrc001327","前台客服","2700      ","1","","2017-04-07","2017-06-07",5,7,"220100","","8","  ","","","","","前台客服","1"
72274,"jlrc001328","CAD 设计实习生","0599      ","1","","2017-04-10","2017-06-10",0,7,"220100","1、性别：男(18-28周岁）无经验可先实习 大专以上学历，可接纳应届毕业生
2、有较好的学习能力和分析能力，能吃苦耐劳。
3、计算机、通信、机械、光电信息、建筑类、设计类等理工科优先考虑。
薪资：3500-5500+双休+五险一金+提供住宿+设计产值+年终奖+各项补助","8","  ","张经理","      ","18244071898","","CAD 设计实习生","1"
72275,"jlrc001328","勘察/建设/预算","0699      ","1","","2017-04-10","2017-06-10",0,7,"220100","1、性别：男(18-28周岁）无经验可先实习 大专以上学历，可接纳应届毕业生
2、有较好的学习能力和分析能力，能吃苦耐劳。
3、计算机、通信、机械、光电信息、建筑类、设计类等理工科优先考虑。
薪资：3500-5500+双休+五险一金+提供住宿+设计产值+年终奖+各项补助","8","  ","张经理","      ","18244071898","","勘察/建设/预算","1"
72276,"jlrc001328","光纤传输设计","0599      ","1","","2017-04-10","2017-06-10",0,7,"220100","1、性别：男(18-28周岁）无经验可先实习 大专以上学历，可接纳应届毕业生
2、有较好的学习能力和分析能力，能吃苦耐劳。
3、计算机、通信、机械、光电信息、建筑类、设计类等理工科优先考虑。
薪资：3500-5500+双休+五险一金+提供住宿+设计产值+年终奖+各项补助","8","  ","张经理","      ","18244071898","","光纤传输设计","1"
72277,"jlrc001328","无线覆盖设计","0599      ","1","","2017-04-10","2017-06-10",0,7,"220100","1、性别：男(18-28周岁）无经验可先实习 大专以上学历，可接纳应届毕业生
2、有较好的学习能力和分析能力，能吃苦耐劳。
3、计算机、通信、机械、光电信息、建筑类、设计类等理工科优先考虑。
薪资：3500-5500+双休+五险一金+提供住宿+设计产值+年终奖+各项补助","8","  ","张经理","      ","18244071898","","无线覆盖设计","1"
72278,"jlrc001328","设备调试/安装","0599      ","1","","2017-04-10","2017-06-10",0,7,"220100","1、性别：男(18-28周岁）无经验可先实习 大专以上学历，可接纳应届毕业生
2、有较好的学习能力和分析能力，能吃苦耐劳。
3、计算机、通信、机械、光电信息、建筑类、设计类等理工科优先考虑。
薪资：3500-5500+双休+五险一金+提供住宿+设计产值+年终奖+各项补助","8","  ","张经理","      ","18244071898","","设备调试/安装","1"
72279,"jlrc001329","销售顾问","0400      ","1","","2017-04-10","2017-06-10",0,7,"220100","","8","  ","","      ","0431-81960555","","销售顾问","1"
72280,"jlrc001329","前台接待","2799      ","1","","2017-04-10","2017-06-10",0,7,"220100","","8","  ","","      ","0431-81960555","","前台接待","1"
72281,"jlrc001329","续保专员","2799      ","1","","2017-04-10","2017-06-10",0,7,"220100","","8","  ","","      ","0431-81960555","","续保专员","1"
72282,"jlrc001329","机修大/中工","3702      ","1","","2017-04-10","2017-06-10",0,1,"220100","","8","  ","","      ","0431-81960555","","机修大/中工","1"
72283,"jlsc002987","女业务内勤","0499      ","1","","2017-04-10","2017-06-10",2,7,"220100","","4","  ","人力资源经理","130000","0431-88668111","","女业务内勤","1"
72284,"jlsc001433","综合文员","1399      ","1","","2017-04-10","2017-06-10",1,7,"220100","","4","  ",".","",".","","综合文员","1"
72285,"jlsc001433","电气资料员","2799      ","1","","2017-04-10","2017-06-10",1,7,"220100","","4","  ",".","",".","","电气资料员","1"
72286,"jlsc001433","一次线安装工人","3799      ","1","","2017-04-10","2017-06-10",3,7,"220100","","8","  ",".","",".","","一次线安装工人","1"
72287,"jlsc001433","二次线安装工人","3799      ","1","","2017-04-10","2017-06-10",3,7,"220100","","8","  ",".","",".","","二次线安装工人","1"
72288,"jlsc001433","土建技术员","2400      ","1","","2017-04-10","2017-06-10",1,7,"220100","","5","  ",".","",".","","土建技术员","1"
72289,"jlsc001433","车间主任","1399      ","1","","2017-04-10","2017-06-10",1,5,"220100","","8","  ",".","",".","","车间主任","1"
72290,"jlsc001433","会计","1105      ","1","","2017-04-10","2017-06-10",1,3,"220100","","8","  ",".","",".","","会计","1"
72291,"jlrc001332","会计","1105      ","1","","2017-04-10","2017-06-10",1,7,"220100","","8","  ","","      ","0431-81683866","","会计","1"
72292,"jlrc001332","语文教师","1900      ","1","","2017-04-10","2017-06-10",1,7,"220100","","5","  ","","      ","0431-81683866","","语文教师","1"
